Código INE,Municipio,Provincia,Comunidad Autónoma,Población Total,Población Hombres,Población Mujeres,Unnamed: 7,Conductores Hombres,Conductoras Mujeres,Censo Conductores,Unnamed: 11,Parque Ciclomotores,Parque Motocicletas,Parque Turismos,Parque Furgonetas,Parque Camiones,Parque Total,Motocicletas sin ITV (<25 años),Turismos sin ITV (<25 años),Resto de Vehículos sin ITV (<25 años),Parque Ciclomotores (<25 años),Parque Ciclomotores (<15 años),Parque Ciclomotores (<8 años),Parque Ciclomotores (<4 años),Parque Motocicletas (<25 años),Parque Motocicletas (<15 años),Parque Motocicletas (<8 años),Parque Motocicletas (<4 años),Parque Turismos (<25 años),Parque Turismos (<15 años),Parque Turismos (<8 años),Parque Turismos (<4 años),Parque Furgonetas (<25 años),Parque Furgonetas (<15 años),Parque Furgonetas (<8 años),Parque Furgonetas (<4 años),Parque Camiones (<25 años),Parque Camiones (<15 años),Parque Camiones (<8 años),Parque Camiones (<4 años),Unnamed: 41,Antigüedad Media del Parque (<25 años),Antigüedad Media de Ciclomotores,Antigüedad Media de Motocicletas,Antigüedad Media de Turismos,Antigüedad Media de Furgonetas,Antigüedad Media de Camiones,Unnamed: 48,Bicicletas Fallecidos,Bicicletas Heridos Graves,Bicicletas Heridos Leves,Ciclomotores Fallecidos,Ciclomotores Heridos Graves,Ciclomotores Heridos Leves,Motocicletas Fallecidos,Motocicletas Heridos Graves,Motocicletas Heridos Leves,Turismos Fallecidos,Turismos Heridos Graves,Turismos Heridos Leves,Furgonetas Fallecidos,Furgonetas Heridos Graves,Furgonetas Heridos Leves,Camiones Fallecidos,Camiones Heridos Graves,Camiones Heridos Leves,Autobús Fallecidos,Autobús Heridos Graves,Autobús Heridos Leves,Otros Fallecidos,Otros Heridos Graves,Otros Heridos Leves,Peatones Fallecidos,Peatones Heridos Graves,Peatones Heridos Leves,Nº Accidentes con Víctimas,Fallecidos,Heridos Hospitalizados,Heridos no Hospitalizados,Unnamed: 80,Total Sanciones con Puntos,Total Puntos Detraídos,Velocidad (2 puntos),Velocidad (4 puntos),Velocidad (6 puntos),Alcohol (4 puntos),Alcohol (6 puntos),Drogas (6 puntos),"Casco, Cinturón, SRI (3 puntos)",Móvil (3 puntos),Semáforo (4 puntos),Otra (3 puntos),Otra (4 puntos),Otra (6 puntos),Unnamed: 95,Campañas
02005,Albacete,Albacete,Castilla-La Mancha,174336.0,85214.0,89122.0,,59160.0,45441.0,104601.0,,9030.0,14389.0,81856.0,7549.0,8488.0,125053.0,2222.0,5179.0,3112.0,9018.0,2162.0,392.0,201.0,11117.0,8804.0,4211.0,2359.0,73685.0,45448.0,22302.0,12408.0,5805.0,3970.0,2018.0,1018.0,7480.0,3515.0,1069.0,558.0,,12.51862230408391,17.457079174983367,10.153444274534497,12.094810748456267,11.33404478897502,14.801977272727273,,0.0,2.0,39.0,0.0,4.0,43.0,0.0,6.0,77.0,0.0,1.0,80.0,0.0,1.0,5.0,0.0,0.0,0.0,0.0,0.0,0.0,0.0,0.0,8.0,0.0,8.0,64.0,290.0,0.0,22.0,316.0,,1933.0,5751.0,799.0,182.0,37.0,45.0,58.0,,302.0,,94.0,337.0,46.0,33.0,,0.0
03017,Alicante/Alacant,Alicante/Alacant,Comunitat Valenciana,337482.0,163385.0,174097.0,,104997.0,80448.0,185445.0,,15646.0,32515.0,159336.0,11301.0,11695.0,235733.0,6937.0,17382.0,5912.0,15496.0,4591.0,1338.0,750.0,26513.0,20567.0,10811.0,5876.0,140107.0,94252.0,51549.0,27934.0,8353.0,5747.0,3358.0,1615.0,10039.0,4995.0,1765.0,923.0,,11.537465847428239,16.67117191533299,9.997706785350582,11.089721641316993,10.783069555848199,14.248061559916327,,1.0,4.0,1.0,0.0,4.0,2.0,2.0,8.0,0.0,0.0,3.0,2.0,0.0,0.0,0.0,0.0,0.0,0.0,0.0,0.0,0.0,0.0,1.0,0.0,2.0,4.0,1.0,30.0,5.0,24.0,6.0,,8999.0,24577.0,6178.0,1271.0,341.0,223.0,109.0,,295.0,1.0,254.0,27.0,120.0,180.0,,0.0
03068,Elche/Elx,Alicante/Alacant,Comunitat Valenciana,234765.0,116386.0,118379.0,,79269.0,60315.0,139584.0,,7566.0,18033.0,116172.0,8816.0,10689.0,164532.0,3463.0,9789.0,4117.0,7448.0,1632.0,482.0,278.0,14394.0,11129.0,5641.0,3057.0,105885.0,67480.0,36167.0,19482.0,6524.0,4240.0,2332.0,1160.0,9431.0,4318.0,1348.0,650.0,,12.025694498514497,17.55017185821697,10.194337918577185,11.644858478538037,11.416839362354384,14.921844979323508,,0.0,0.0,0.0,0.0,0.0,0.0,1.0,2.0,1.0,0.0,1.0,2.0,0.0,0.0,0.0,0.0,0.0,0.0,0.0,0.0,0.0,0.0,1.0,0.0,1.0,6.0,1.0,12.0,2.0,10.0,4.0,,2065.0,8159.0,234.0,84.0,18.0,257.0,113.0,,199.0,,295.0,386.0,134.0,345.0,,0.0
04017,Almería,Almería,Andalucía,201322.0,98531.0,102791.0,,65771.0,48869.0,114640.0,,12777.0,16816.0,94000.0,7571.0,7987.0,142223.0,3238.0,10790.0,4186.0,12756.0,3544.0,948.0,547.0,12723.0,9879.0,5267.0,3042.0,83388.0,54505.0,28374.0,15610.0,5285.0,2991.0,1550.0,845.0,6761.0,3011.0,1002.0,521.0,,12.136670557244175,16.604508466603953,9.923042521417905,11.487970811147887,12.727674550614948,14.938006212098802,,0.0,4.0,16.0,0.0,2.0,32.0,1.0,3.0,64.0,0.0,0.0,86.0,0.0,0.0,2.0,0.0,0.0,1.0,0.0,0.0,1.0,0.0,3.0,17.0,0.0,5.0,61.0,236.0,1.0,17.0,280.0,,882.0,3079.0,2.0,1.0,,28.0,17.0,,147.0,,201.0,384.0,76.0,26.0,,0.0
05025,Ávila,Ávila,Castilla y León,58369.0,27784.0,30585.0,,20703.0,16973.0,37676.0,,1205.0,3303.0,30969.0,2823.0,2228.0,41695.0,572.0,1396.0,904.0,1193.0,286.0,52.0,34.0,2486.0,1937.0,825.0,471.0,27345.0,17187.0,8082.0,4196.0,2285.0,1504.0,747.0,353.0,1868.0,914.0,238.0,125.0,,12.342905949777126,17.352103939647947,10.681504424778762,12.130837447430974,11.700214442013129,14.720133832976446,,0.0,0.0,6.0,0.0,0.0,2.0,0.0,1.0,5.0,1.0,1.0,13.0,0.0,0.0,0.0,0.0,0.0,0.0,0.0,0.0,1.0,0.0,1.0,0.0,1.0,2.0,18.0,42.0,2.0,5.0,45.0,,637.0,2001.0,117.0,13.0,4.0,18.0,17.0,,159.0,,5.0,242.0,39.0,23.0,,0.0
06021,Badajoz,Badajoz,Extremadura,150984.0,73170.0,77814.0,,53261.0,40525.0,93786.0,,7481.0,10670.0,83680.0,6506.0,4606.0,116431.0,2375.0,7274.0,2936.0,6628.0,1934.0,506.0,329.0,8480.0,6618.0,3189.0,1860.0,75945.0,50155.0,24189.0,12101.0,5163.0,3173.0,1569.0,749.0,3845.0,2067.0,714.0,377.0,,11.991508655502253,16.947871152685575,10.20730896226415,11.641989729409442,12.435644005423203,13.733586475942783,,0.0,0.0,18.0,0.0,0.0,27.0,1.0,4.0,55.0,1.0,1.0,113.0,0.0,0.0,4.0,0.0,0.0,0.0,0.0,0.0,2.0,0.0,1.0,2.0,3.0,5.0,48.0,229.0,5.0,11.0,269.0,,2655.0,8843.0,974.0,172.0,33.0,59.0,50.0,,136.0,,766.0,215.0,72.0,178.0,,0.0
07047,Palma de Mallorca,Balears (Illes),Balears (Illes),422587.0,206654.0,215933.0,,120296.0,122595.0,242891.0,,18983.0,49579.0,247630.0,15941.0,22012.0,360254.0,11925.0,35032.0,11311.0,18905.0,5907.0,2437.0,1343.0,36161.0,29131.0,17479.0,9630.0,202461.0,140661.0,79753.0,42580.0,10467.0,8204.0,4978.0,2431.0,18987.0,10446.0,4321.0,2230.0,,11.130592495310855,16.124112668606188,9.287275241282044,10.833280384864246,9.55370115601414,13.549055142992573,,0.0,4.0,81.0,0.0,4.0,73.0,2.0,20.0,225.0,0.0,5.0,257.0,0.0,0.0,14.0,0.0,0.0,3.0,0.0,0.0,9.0,0.0,2.0,91.0,2.0,9.0,112.0,801.0,4.0,44.0,865.0,,,,,,,,,,,,,,,,,1.0
08029,Badalona,Barcelona,Cataluña,223166.0,110018.0,113148.0,,66362.0,42069.0,108431.0,,4916.0,21022.0,83567.0,7236.0,6785.0,126321.0,4112.0,7168.0,3281.0,4907.0,1514.0,429.0,229.0,17672.0,14761.0,8332.0,4668.0,70544.0,50113.0,28082.0,15927.0,4789.0,3366.0,1878.0,872.0,5593.0,3343.0,1177.0,607.0,,10.79520864466093,16.514189932749133,9.030091104572204,10.574106798593785,10.975940697431614,13.284230287859824,,0.0,3.0,49.0,0.0,0.0,32.0,3.0,7.0,187.0,0.0,0.0,221.0,0.0,0.0,11.0,0.0,0.0,2.0,0.0,0.0,35.0,0.0,1.0,37.0,1.0,3.0,83.0,523.0,4.0,14.0,657.0,,650.0,2512.0,29.0,2.0,1.0,40.0,47.0,2.0,94.0,,219.0,116.0,60.0,40.0,,0.0
08033,Barcelona,Barcelona,Cataluña,1664182.0,790708.0,873474.0,,459080.0,341310.0,800390.0,,54132.0,253150.0,546026.0,55548.0,38941.0,968655.0,42753.0,46030.0,20378.0,54020.0,25785.0,15506.0,12654.0,196868.0,159767.0,87050.0,49018.0,431859.0,319833.0,182408.0,101394.0,36337.0,26594.0,15323.0,7568.0,29800.0,19298.0,7416.0,3965.0,,10.343817704355468,13.079289337282487,9.444082227685556,10.18273552247377,10.50728596196714,12.529152684563758,,1.0,7.0,447.0,0.0,6.0,487.0,9.0,70.0,3125.0,1.0,1.0,969.0,0.0,0.0,103.0,0.0,0.0,14.0,1.0,5.0,365.0,1.0,8.0,409.0,7.0,30.0,642.0,5365.0,20.0,127.0,6561.0,,13265.0,40302.0,5552.0,927.0,307.0,701.0,265.0,670.0,746.0,3129.0,190.0,569.0,56.0,153.0,,0.0
08115,"Hospitalet de Llobregat, L'",Barcelona,Cataluña,269382.0,130289.0,139093.0,,71547.0,39262.0,110809.0,,6707.0,23141.0,79641.0,7013.0,7087.0,126843.0,4030.0,6641.0,3463.0,6701.0,2546.0,818.0,458.0,19661.0,16346.0,9072.0,5195.0,68643.0,49689.0,28083.0,16608.0,4952.0,3636.0,2071.0,1027.0,5849.0,3750.0,1248.0,638.0,,10.61460287893179,15.617170571556484,9.113938762016174,10.354553414040762,10.512166801292407,12.877225166695162,,0.0,1.0,31.0,0.0,1.0,20.0,0.0,5.0,168.0,0.0,2.0,67.0,0.0,0.0,4.0,0.0,0.0,0.0,0.0,0.0,25.0,0.0,0.0,51.0,2.0,3.0,72.0,394.0,2.0,12.0,438.0,,,,,,,,,,,,,,,,,0.0
08135,Mataró,Barcelona,Cataluña,129661.0,64476.0,65185.0,,39389.0,29248.0,68637.0,,4410.0,13768.0,53167.0,4805.0,4670.0,82443.0,2918.0,4853.0,2188.0,4395.0,1271.0,328.0,159.0,10924.0,8717.0,4375.0,2461.0,48074.0,33035.0,18394.0,9808.0,3517.0,2279.0,1247.0,616.0,4173.0,2192.0,784.0,412.0,,11.3333426268426,16.748425483503983,9.917676675210545,10.89119981694887,11.7130707989764,13.960481667864846,,0.0,3.0,23.0,0.0,0.0,23.0,0.0,7.0,90.0,0.0,1.0,108.0,0.0,0.0,7.0,0.0,0.0,0.0,0.0,0.0,0.0,0.0,0.0,30.0,0.0,3.0,59.0,288.0,0.0,14.0,340.0,,2390.0,9317.0,69.0,12.0,4.0,28.0,12.0,34.0,54.0,,1816.0,195.0,144.0,22.0,,0.0
08201,Sabadell,Barcelona,Cataluña,216520.0,105388.0,111132.0,,67315.0,54174.0,121489.0,,4201.0,16361.0,98432.0,8555.0,8326.0,139550.0,3578.0,8895.0,4341.0,4187.0,1163.0,312.0,150.0,12664.0,9932.0,5032.0,2962.0,89876.0,62125.0,35133.0,19364.0,6379.0,4136.0,2237.0,1128.0,7315.0,3973.0,1411.0,697.0,,11.187536237755324,17.04053498925245,10.006431617182566,10.781783123414483,11.624759366671892,13.832851674641148,,0.0,1.0,0.0,0.0,0.0,1.0,1.0,8.0,5.0,0.0,0.0,9.0,0.0,0.0,0.0,0.0,0.0,1.0,0.0,0.0,0.0,0.0,0.0,0.0,0.0,5.0,1.0,26.0,1.0,14.0,17.0,,1712.0,5930.0,326.0,42.0,15.0,111.0,61.0,,83.0,,373.0,523.0,84.0,94.0,,0.0
08259,Santa Coloma de Gramenet,Barcelona,Cataluña,120443.0,59527.0,60916.0,,33268.0,17805.0,51073.0,,2887.0,9735.0,37861.0,2847.0,2891.0,57124.0,1898.0,3501.0,1368.0,2882.0,1047.0,296.0,158.0,8464.0,7050.0,3810.0,2208.0,33011.0,22623.0,11977.0,6788.0,1977.0,1300.0,672.0,311.0,2431.0,1432.0,470.0,249.0,,11.211595359835089,15.939913254684248,9.14601134215501,11.083015358516858,11.766160849772382,13.509321266968326,,0.0,1.0,20.0,0.0,0.0,6.0,0.0,1.0,48.0,0.0,0.0,41.0,0.0,0.0,1.0,0.0,0.0,2.0,0.0,0.0,4.0,0.0,0.0,18.0,0.0,3.0,51.0,170.0,0.0,5.0,191.0,,293.0,1195.0,,,,28.0,22.0,4.0,14.0,,127.0,51.0,29.0,18.0,,0.0
08293,Terrassa,Barcelona,Cataluña,223627.0,109948.0,113679.0,,71434.0,57933.0,129367.0,,5090.0,18688.0,102954.0,9206.0,9088.0,149620.0,3936.0,10339.0,5233.0,5074.0,1623.0,441.0,227.0,14302.0,11307.0,5786.0,3328.0,92845.0,63869.0,36006.0,19769.0,6870.0,4441.0,2510.0,1175.0,7969.0,4188.0,1384.0,669.0,,11.245964385341434,16.415778478517936,9.940595021675291,10.846623620011847,11.585622998544396,14.094393273936504,,0.0,2.0,27.0,0.0,6.0,23.0,0.0,12.0,56.0,2.0,4.0,99.0,0.0,0.0,15.0,0.0,0.0,0.0,0.0,0.0,1.0,0.0,1.0,15.0,0.0,6.0,49.0,271.0,2.0,31.0,285.0,,4018.0,10917.0,2321.0,314.0,62.0,60.0,45.0,32.0,277.0,505.0,241.0,53.0,86.0,22.0,,0.0
09075,Burgos,Burgos,Castilla y León,176418.0,83995.0,92423.0,,60545.0,45112.0,105657.0,,1979.0,7265.0,82114.0,6356.0,5583.0,107558.0,1554.0,3898.0,2599.0,1965.0,513.0,140.0,65.0,5813.0,4498.0,1904.0,1035.0,74756.0,47890.0,23275.0,11586.0,5083.0,3561.0,2066.0,1032.0,4900.0,2604.0,916.0,531.0,,11.96775885183376,17.048860050890585,10.73499741957681,11.906247123976671,10.774040920716113,13.805685714285714,,0.0,3.0,14.0,0.0,0.0,1.0,0.0,2.0,8.0,0.0,1.0,39.0,0.0,0.0,1.0,0.0,0.0,1.0,0.0,0.0,8.0,0.0,1.0,2.0,0.0,2.0,13.0,71.0,0.0,9.0,87.0,,3320.0,12044.0,658.0,120.0,25.0,62.0,53.0,,56.0,,1976.0,198.0,83.0,89.0,,0.0
10053,Cáceres,Cáceres,Extremadura,96255.0,46104.0,50151.0,,32650.0,27051.0,59701.0,,3433.0,7269.0,52643.0,4631.0,3969.0,73858.0,1667.0,3349.0,1850.0,3415.0,691.0,154.0,86.0,5748.0,4420.0,2000.0,1097.0,46647.0,30301.0,14533.0,7350.0,3434.0,2060.0,1012.0,532.0,3406.0,1773.0,529.0,254.0,,12.21535783847796,17.88614934114202,10.595692414752957,11.796442429309495,12.425241700640653,14.254063417498532,,0.0,0.0,12.0,0.0,0.0,7.0,1.0,3.0,27.0,0.0,0.0,42.0,0.0,0.0,6.0,0.0,0.0,0.0,0.0,0.0,0.0,0.0,0.0,1.0,1.0,4.0,18.0,102.0,2.0,7.0,113.0,,1397.0,5509.0,20.0,2.0,1.0,49.0,30.0,21.0,69.0,128.0,953.0,10.0,82.0,32.0,,0.0
11021,Algeciras,Cádiz,Andalucía,123078.0,60729.0,62349.0,,40050.0,29711.0,69761.0,,6532.0,10747.0,61127.0,3800.0,4694.0,90188.0,2324.0,7761.0,3012.0,6485.0,1970.0,549.0,284.0,9139.0,7691.0,4003.0,2320.0,55089.0,39476.0,21217.0,11901.0,2833.0,1701.0,984.0,495.0,4099.0,2080.0,633.0,337.0,,11.172879798004926,16.366055512721665,9.277252434620856,10.568808473560965,12.104962936816095,14.312417662844597,,0.0,2.0,3.0,0.0,0.0,18.0,0.0,1.0,33.0,0.0,1.0,45.0,0.0,0.0,4.0,0.0,0.0,0.0,0.0,0.0,0.0,0.0,0.0,5.0,1.0,2.0,35.0,110.0,1.0,6.0,143.0,,558.0,2109.0,4.0,1.0,,40.0,15.0,37.0,91.0,187.0,104.0,11.0,33.0,35.0,,0.0
11029,Cádiz,Cádiz,Andalucía,115439.0,54580.0,60859.0,,36660.0,24970.0,61630.0,,6878.0,12667.0,44606.0,2350.0,2810.0,70672.0,2855.0,5081.0,1481.0,6729.0,3237.0,1039.0,549.0,10854.0,9156.0,4880.0,2722.0,39179.0,28395.0,14287.0,7941.0,1452.0,988.0,620.0,310.0,2231.0,1232.0,350.0,180.0,,10.976357388316151,14.46645118145341,9.10760733370186,10.66768651573547,10.806170798898071,14.086324518153294,,0.0,1.0,12.0,1.0,5.0,65.0,0.0,8.0,82.0,0.0,1.0,71.0,0.0,0.0,0.0,0.0,0.0,0.0,0.0,0.0,3.0,0.0,4.0,15.0,1.0,5.0,32.0,248.0,2.0,24.0,280.0,,82.0,299.0,,,,6.0,2.0,,2.0,31.0,27.0,8.0,2.0,4.0,,1.0
11037,Jerez de la Frontera,Cádiz,Andalucía,213105.0,104086.0,109019.0,,73683.0,57222.0,130905.0,,15051.0,16979.0,105505.0,6441.0,8808.0,156740.0,3450.0,12039.0,4894.0,14740.0,5250.0,1517.0,931.0,13262.0,10761.0,5770.0,3722.0,95555.0,66643.0,33956.0,18377.0,4686.0,3068.0,1804.0,890.0,7611.0,4001.0,1304.0,707.0,,11.541075491656413,15.82449525101764,9.31805383803348,10.948530898435456,11.240083226632523,13.998331362501643,,0.0,2.0,25.0,0.0,4.0,63.0,0.0,6.0,76.0,0.0,3.0,228.0,0.0,0.0,15.0,0.0,0.0,0.0,0.0,0.0,3.0,0.0,2.0,22.0,0.0,7.0,53.0,366.0,0.0,24.0,485.0,,1359.0,4360.0,288.0,57.0,15.0,39.0,27.0,,154.0,490.0,156.0,36.0,49.0,48.0,,0.0
12060,Castelló de la Plana,Castellón/Castelló,Comunitat Valenciana,174264.0,84319.0,89945.0,,58941.0,47454.0,106395.0,,5110.0,13171.0,89790.0,7800.0,7867.0,128463.0,2716.0,8766.0,3987.0,5036.0,1276.0,324.0,170.0,9218.0,6875.0,3345.0,1842.0,81503.0,53519.0,28842.0,15601.0,6023.0,3756.0,2036.0,1140.0,6995.0,3382.0,1115.0,590.0,,11.793200120458451,17.064253375694996,10.764056194402256,11.374556764781664,11.878615307986053,14.426171551107934,,0.0,2.0,2.0,0.0,4.0,1.0,3.0,14.0,4.0,0.0,5.0,5.0,0.0,0.0,0.0,0.0,0.0,0.0,0.0,0.0,0.0,0.0,1.0,0.0,3.0,11.0,6.0,49.0,6.0,37.0,18.0,,472.0,1891.0,1.0,,,43.0,41.0,,46.0,95.0,174.0,8.0,28.0,36.0,,0.0
13053,Ciudad Real,Ciudad Real,Castilla-La Mancha,75504.0,35773.0,39731.0,,24009.0,19649.0,43658.0,,2347.0,4050.0,34738.0,3331.0,2746.0,48679.0,824.0,2408.0,1312.0,2338.0,619.0,139.0,67.0,3196.0,2476.0,1088.0,621.0,31886.0,21464.0,10574.0,5384.0,2650.0,1647.0,782.0,360.0,2383.0,1181.0,341.0,184.0,,11.911570043325769,16.929153122326774,10.610193992490613,11.4557094022455,12.273064150943396,14.579806966009231,,0.0,0.0,0.0,1.0,0.0,0.0,0.0,0.0,0.0,0.0,3.0,0.0,0.0,0.0,0.0,0.0,0.0,0.0,0.0,0.0,0.0,0.0,0.0,0.0,0.0,1.0,0.0,2.0,1.0,4.0,0.0,,1641.0,6460.0,,,,21.0,20.0,7.0,80.0,140.0,1276.0,2.0,63.0,32.0,,0.0
14041,Córdoba,Córdoba,Andalucía,326039.0,156523.0,169516.0,,108897.0,82024.0,190921.0,,14795.0,28070.0,154384.0,13017.0,10397.0,225687.0,5591.0,13919.0,5457.0,14757.0,4789.0,1459.0,798.0,22461.0,17758.0,8540.0,4700.0,140507.0,93083.0,46111.0,24489.0,10064.0,6446.0,3179.0,1630.0,8718.0,4580.0,1689.0,908.0,,11.811321353486843,16.125540421494883,10.153479364231334,11.48517212665561,12.079053060413354,13.714175269557238,,0.0,2.0,25.0,0.0,10.0,52.0,1.0,23.0,97.0,0.0,4.0,117.0,0.0,0.0,6.0,0.0,0.0,2.0,0.0,0.0,5.0,0.0,1.0,12.0,0.0,7.0,39.0,327.0,1.0,47.0,355.0,,912.0,3296.0,77.0,11.0,6.0,98.0,25.0,,61.0,,359.0,239.0,16.0,20.0,,0.0
15051,"Coruña, A",Coruña (A),Galicia,247604.0,114776.0,132828.0,,74658.0,67043.0,141701.0,,3188.0,11404.0,114067.0,6392.0,6291.0,144917.0,2197.0,6179.0,2308.0,3162.0,928.0,258.0,163.0,8839.0,6849.0,2937.0,1752.0,100153.0,66076.0,32435.0,16572.0,4730.0,3528.0,2158.0,1067.0,4888.0,2502.0,789.0,393.0,,11.773584845182384,16.674974699557243,10.670566806199796,11.660596187832617,9.97399577167019,14.391209083469722,,0.0,0.0,16.0,0.0,1.0,10.0,0.0,4.0,35.0,2.0,4.0,164.0,0.0,0.0,10.0,0.0,0.0,0.0,0.0,0.0,7.0,0.0,1.0,6.0,0.0,11.0,89.0,276.0,2.0,21.0,337.0,,546.0,1732.0,119.0,45.0,5.0,33.0,4.0,,48.0,,,234.0,33.0,25.0,,4.0
16102,Cuenca,Cuenca,Castilla-La Mancha,54621.0,25956.0,28665.0,,18942.0,15607.0,34549.0,,1588.0,4317.0,27773.0,2914.0,2607.0,40587.0,847.0,1608.0,972.0,1578.0,430.0,52.0,23.0,3262.0,2491.0,1079.0,595.0,25250.0,15525.0,7079.0,3680.0,2233.0,1397.0,561.0,257.0,2244.0,1112.0,326.0,158.0,,12.529615438439363,17.132192648922686,10.756072961373391,12.313798811881188,12.617362292879534,14.610851158645277,,0.0,0.0,1.0,0.0,0.0,1.0,0.0,0.0,2.0,0.0,0.0,4.0,0.0,0.0,0.0,0.0,0.0,0.0,0.0,0.0,0.0,0.0,0.0,1.0,0.0,0.0,9.0,16.0,0.0,0.0,18.0,,126.0,457.0,,,,5.0,8.0,,50.0,23.0,28.0,,7.0,5.0,,0.0
17102,Girona,Girona,Cataluña,103369.0,49809.0,53560.0,,31341.0,27065.0,58406.0,,3785.0,11777.0,48400.0,5692.0,4408.0,76071.0,2318.0,4708.0,2385.0,3536.0,1272.0,316.0,144.0,9181.0,7273.0,3722.0,2064.0,42278.0,29093.0,16462.0,8994.0,4347.0,2902.0,1541.0,757.0,3677.0,2047.0,867.0,463.0,,11.19620802925363,16.32455882352941,9.944496242239408,10.799678792752731,11.426671267540833,13.256138156105521,,0.0,4.0,100.0,0.0,3.0,34.0,1.0,7.0,114.0,0.0,0.0,177.0,0.0,0.0,3.0,0.0,2.0,1.0,0.0,0.0,3.0,0.0,2.0,32.0,0.0,2.0,42.0,443.0,1.0,20.0,506.0,,1446.0,5552.0,11.0,2.0,,76.0,25.0,,62.0,,827.0,326.0,53.0,64.0,,0.0
18117,Granada,Granada,Andalucía,233648.0,107829.0,125819.0,,77670.0,61711.0,139381.0,,14332.0,27480.0,112247.0,9371.0,7089.0,173509.0,5805.0,12427.0,4160.0,14260.0,3750.0,931.0,445.0,21014.0,16461.0,7680.0,4013.0,92936.0,60641.0,30027.0,15749.0,6137.0,3563.0,1716.0,898.0,5803.0,2845.0,988.0,519.0,,12.181254570079226,16.882652875175317,10.340581041210621,11.684547753292588,12.809333550594753,14.43640358435292,,0.0,2.0,26.0,0.0,6.0,73.0,0.0,21.0,178.0,0.0,3.0,80.0,0.0,0.0,4.0,0.0,0.0,0.0,0.0,0.0,4.0,0.0,1.0,19.0,3.0,3.0,59.0,417.0,3.0,36.0,443.0,,3307.0,11898.0,190.0,55.0,9.0,35.0,37.0,,460.0,,1420.0,852.0,114.0,135.0,,0.0
19162,Guadalajara,Guadalajara,Castilla-La Mancha,87484.0,42091.0,45393.0,,27379.0,24521.0,51900.0,,1834.0,4906.0,42812.0,3908.0,2664.0,57686.0,900.0,2440.0,1277.0,1828.0,436.0,87.0,43.0,3459.0,2513.0,1081.0,599.0,39743.0,25855.0,12998.0,6655.0,3103.0,1655.0,687.0,270.0,2318.0,1127.0,288.0,135.0,,12.111074118419529,17.379666301969365,11.265186470078056,11.641410814483054,13.627637769900097,14.844719585849871,,0.0,0.0,3.0,0.0,0.0,2.0,0.0,1.0,7.0,0.0,0.0,27.0,0.0,0.0,0.0,0.0,0.0,0.0,0.0,1.0,1.0,0.0,0.0,2.0,1.0,4.0,18.0,60.0,1.0,6.0,60.0,,279.0,1093.0,,,,18.0,11.0,3.0,22.0,71.0,78.0,10.0,40.0,26.0,,0.0
21068,Huelva,Huelva,Andalucía,143837.0,69043.0,74794.0,,47681.0,34611.0,82292.0,,4768.0,9318.0,72914.0,4429.0,4913.0,98494.0,1659.0,7877.0,2753.0,4750.0,1199.0,324.0,194.0,7314.0,5944.0,2972.0,1805.0,66958.0,44929.0,20944.0,11249.0,3023.0,2101.0,1242.0,571.0,4217.0,2030.0,566.0,286.0,,11.861726165428925,16.945589473684212,9.744407984686902,11.571470175333792,10.765699636123056,14.77669670381788,,0.0,0.0,1.0,0.0,0.0,10.0,0.0,4.0,28.0,0.0,0.0,33.0,0.0,0.0,3.0,0.0,0.0,0.0,0.0,0.0,1.0,0.0,1.0,0.0,1.0,1.0,19.0,81.0,1.0,6.0,95.0,,909.0,3326.0,,,,64.0,25.0,2.0,115.0,299.0,255.0,50.0,49.0,50.0,,0.0
22167,Huesca,Huesca,Aragón,53956.0,25702.0,28254.0,,18241.0,14157.0,32398.0,,1460.0,2870.0,24553.0,2842.0,2814.0,36057.0,539.0,1307.0,1055.0,1394.0,350.0,74.0,29.0,2107.0,1578.0,711.0,399.0,22283.0,14423.0,7448.0,4040.0,2328.0,1527.0,848.0,486.0,2559.0,1358.0,430.0,192.0,,12.026279157143305,17.418393113342898,10.894978642619838,11.618313512543194,11.315820446735396,14.015240328253224,,0.0,3.0,5.0,0.0,1.0,7.0,0.0,3.0,14.0,0.0,0.0,40.0,0.0,0.0,4.0,0.0,0.0,1.0,0.0,0.0,0.0,0.0,0.0,5.0,0.0,5.0,14.0,87.0,0.0,12.0,90.0,,187.0,770.0,,,,18.0,13.0,,38.0,20.0,38.0,14.0,12.0,34.0,,0.0
23081,Jaén,Jaén,Andalucía,112757.0,54244.0,58513.0,,38582.0,29043.0,67625.0,,5742.0,11199.0,53408.0,6154.0,4470.0,82789.0,2389.0,5048.0,2331.0,5735.0,1434.0,338.0,167.0,9556.0,7600.0,3599.0,1890.0,49074.0,32476.0,16035.0,8302.0,4673.0,2702.0,1308.0,700.0,3815.0,1843.0,703.0,413.0,,12.044779982511603,17.031905841325194,10.182231059020511,11.554765456249745,12.947046864968971,14.298272608125819,,0.0,2.0,3.0,0.0,0.0,14.0,0.0,3.0,57.0,0.0,0.0,86.0,0.0,0.0,8.0,0.0,0.0,0.0,0.0,0.0,0.0,0.0,0.0,5.0,0.0,1.0,32.0,169.0,0.0,6.0,205.0,,729.0,2610.0,27.0,3.0,3.0,18.0,34.0,19.0,214.0,154.0,149.0,40.0,46.0,22.0,,0.0
24120,León,León,Castilla y León,124028.0,56191.0,67837.0,,43243.0,35523.0,78766.0,,2172.0,5860.0,59742.0,4830.0,3993.0,78774.0,1280.0,3417.0,1545.0,2159.0,485.0,88.0,51.0,4554.0,3551.0,1505.0,854.0,51008.0,30722.0,14307.0,7546.0,3463.0,2259.0,1056.0,511.0,3102.0,1343.0,372.0,213.0,,12.61835166830597,17.596225104214913,10.687263943785682,12.474301286072773,12.023765521224371,15.314529335912315,,0.0,1.0,4.0,0.0,0.0,2.0,0.0,4.0,6.0,0.0,1.0,30.0,0.0,0.0,3.0,0.0,0.0,1.0,0.0,0.0,0.0,0.0,0.0,1.0,2.0,8.0,57.0,101.0,2.0,14.0,104.0,,2813.0,8915.0,1170.0,384.0,121.0,33.0,22.0,,151.0,157.0,704.0,13.0,39.0,19.0,,0.0
25153,Lleida,Lleida,Cataluña,140403.0,69541.0,70862.0,,45557.0,33485.0,79042.0,,3541.0,9408.0,63552.0,6284.0,6889.0,94148.0,1920.0,6193.0,3479.0,3539.0,908.0,227.0,129.0,7048.0,5483.0,2865.0,1683.0,56770.0,36477.0,19740.0,11069.0,4840.0,3615.0,2386.0,1284.0,5956.0,3176.0,1112.0,600.0,,11.65737321909544,17.15300649901102,9.971865777525538,11.53581028712348,9.508152892561984,13.97321692411014,,0.0,0.0,27.0,1.0,1.0,5.0,0.0,2.0,41.0,0.0,4.0,80.0,0.0,0.0,2.0,0.0,0.0,0.0,0.0,0.0,10.0,0.0,1.0,9.0,0.0,3.0,43.0,191.0,1.0,11.0,217.0,,2917.0,10479.0,641.0,77.0,20.0,155.0,108.0,,99.0,,1407.0,258.0,55.0,97.0,,0.0
26124,Logroño,Rioja (La),Rioja (La),152485.0,72341.0,80144.0,,50622.0,37217.0,87839.0,,2957.0,8554.0,66723.0,6146.0,6253.0,93436.0,1327.0,3189.0,2059.0,2941.0,793.0,231.0,124.0,6927.0,5364.0,2620.0,1474.0,61733.0,39487.0,20033.0,10377.0,4971.0,3112.0,1789.0,878.0,5709.0,2997.0,996.0,554.0,,12.005321181067966,17.125698741924516,10.294992060054858,11.773389921111885,11.856505733252867,14.004946575582414,,0.0,1.0,24.0,0.0,1.0,15.0,0.0,8.0,44.0,0.0,3.0,87.0,0.0,0.0,3.0,0.0,0.0,2.0,0.0,0.0,4.0,0.0,0.0,10.0,0.0,6.0,55.0,215.0,0.0,19.0,244.0,,2332.0,7284.0,1154.0,117.0,22.0,177.0,108.0,,57.0,1.0,181.0,286.0,55.0,174.0,,0.0
27062,Lugo,Lugo,Galicia,98519.0,45568.0,52951.0,,33254.0,31248.0,64502.0,,1804.0,5184.0,53009.0,4783.0,3764.0,71727.0,963.0,2659.0,1710.0,1704.0,472.0,75.0,44.0,3885.0,2933.0,1208.0,729.0,46990.0,30045.0,14510.0,7326.0,3761.0,2529.0,1385.0,698.0,3046.0,1464.0,401.0,200.0,,12.178950143506723,17.383990610328638,11.078859716859716,11.984776122579273,11.197378356819994,14.912353906762968,,0.0,0.0,0.0,0.0,1.0,2.0,1.0,3.0,6.0,2.0,2.0,34.0,0.0,0.0,4.0,0.0,0.0,2.0,0.0,0.0,0.0,0.0,0.0,1.0,0.0,6.0,13.0,57.0,3.0,12.0,62.0,,1049.0,3044.0,567.0,89.0,22.0,41.0,43.0,1.0,82.0,96.0,54.0,6.0,31.0,17.0,,0.0
28039,Alcalá de Henares,Madrid,Madrid (Comunidad de),197562.0,96061.0,101501.0,,61487.0,47037.0,108524.0,,2152.0,7994.0,99012.0,6946.0,5349.0,124019.0,1452.0,6602.0,2869.0,2008.0,544.0,116.0,67.0,6243.0,4822.0,2156.0,1249.0,88270.0,60290.0,31457.0,16204.0,5302.0,3488.0,1810.0,888.0,4557.0,2310.0,693.0,353.0,,11.376626800210081,17.044676294820718,10.552268140317155,11.140611646085873,11.526178800452659,14.33357910906298,,0.0,0.0,8.0,0.0,0.0,8.0,0.0,0.0,23.0,0.0,0.0,44.0,0.0,0.0,0.0,0.0,0.0,0.0,0.0,0.0,4.0,1.0,0.0,3.0,1.0,1.0,28.0,106.0,2.0,1.0,118.0,,716.0,2603.0,,,,53.0,35.0,,71.0,269.0,144.0,21.0,108.0,15.0,,0.0
28040,Alcobendas,Madrid,Madrid (Comunidad de),118417.0,56554.0,61863.0,,35408.0,28665.0,64073.0,,1715.0,7018.0,186627.0,35097.0,14525.0,247035.0,1558.0,6023.0,3761.0,1653.0,690.0,298.0,190.0,5810.0,4678.0,2450.0,1450.0,181698.0,167139.0,149662.0,128055.0,34434.0,33381.0,31908.0,26378.0,14190.0,13020.0,11748.0,9864.0,,4.542310073638317,14.830139140955838,9.66064199655766,4.463520236876575,3.2338697217866064,4.634590556730092,,0.0,0.0,11.0,0.0,0.0,4.0,0.0,0.0,36.0,0.0,0.0,35.0,0.0,0.0,3.0,0.0,0.0,0.0,0.0,0.0,6.0,0.0,0.0,8.0,1.0,3.0,30.0,123.0,1.0,3.0,133.0,,803.0,2371.0,483.0,93.0,19.0,28.0,27.0,36.0,,38.0,14.0,17.0,40.0,8.0,,0.0
28041,Alcorcón,Madrid,Madrid (Comunidad de),172384.0,82959.0,89425.0,,53071.0,37608.0,90679.0,,1469.0,6341.0,79879.0,5267.0,4372.0,99385.0,1238.0,4464.0,1900.0,1389.0,451.0,105.0,63.0,5229.0,4166.0,1949.0,1138.0,71711.0,49841.0,26196.0,13277.0,4087.0,2881.0,1561.0,807.0,3769.0,2063.0,709.0,410.0,,11.159581842347409,16.565097192224624,10.21316886593995,11.01512501568797,10.87785661854661,13.625595648713187,,1.0,0.0,24.0,0.0,0.0,11.0,0.0,0.0,19.0,0.0,0.0,51.0,0.0,0.0,1.0,0.0,0.0,0.0,0.0,0.0,8.0,0.0,0.0,6.0,0.0,0.0,32.0,137.0,1.0,0.0,152.0,,173.0,518.0,100.0,26.0,8.0,4.0,7.0,1.0,1.0,5.0,7.0,4.0,8.0,2.0,,0.0
28094,Fuenlabrada,Madrid,Madrid (Comunidad de),194514.0,95847.0,98667.0,,63334.0,45375.0,108709.0,,2000.0,6336.0,98263.0,7208.0,6502.0,122452.0,1381.0,5890.0,3026.0,1928.0,467.0,78.0,41.0,5318.0,4136.0,1748.0,986.0,88622.0,60883.0,31400.0,16092.0,5675.0,3995.0,2148.0,1116.0,5646.0,3046.0,940.0,465.0,,11.400988131053714,17.56201244813278,10.760142910868748,11.140322944641285,10.85144140969163,13.966705632306057,,0.0,0.0,3.0,0.0,0.0,4.0,0.0,1.0,10.0,0.0,0.0,17.0,0.0,0.0,3.0,0.0,1.0,0.0,0.0,0.0,0.0,0.0,0.0,1.0,0.0,2.0,13.0,47.0,0.0,4.0,51.0,,708.0,2746.0,34.0,15.0,8.0,58.0,31.0,,24.0,1.0,127.0,257.0,60.0,93.0,,0.0
28102,Getafe,Madrid,Madrid (Comunidad de),185180.0,90403.0,94777.0,,57884.0,41055.0,98939.0,,1472.0,7250.0,85192.0,5744.0,5050.0,107745.0,1343.0,4970.0,2309.0,1383.0,368.0,98.0,58.0,6121.0,4955.0,2461.0,1437.0,78652.0,55547.0,29695.0,15179.0,4682.0,3339.0,1784.0,853.0,4442.0,2574.0,869.0,427.0,,10.937014233967655,17.067396963123645,9.808209442901486,10.785402405533235,10.77561725758223,13.407730751913553,,0.0,1.0,20.0,0.0,0.0,15.0,0.0,2.0,27.0,0.0,0.0,52.0,0.0,0.0,4.0,0.0,0.0,1.0,0.0,1.0,1.0,0.0,1.0,13.0,0.0,4.0,49.0,173.0,0.0,9.0,182.0,,341.0,1524.0,,,,53.0,32.0,71.0,16.0,62.0,59.0,2.0,29.0,17.0,,0.0
28113,Leganés,Madrid,Madrid (Comunidad de),191114.0,92573.0,98541.0,,59326.0,40448.0,99774.0,,1755.0,6793.0,88499.0,6046.0,5330.0,111070.0,1312.0,4620.0,2205.0,1646.0,414.0,70.0,38.0,5744.0,4550.0,2268.0,1295.0,80899.0,56361.0,29334.0,15246.0,4775.0,3305.0,1802.0,896.0,4594.0,2499.0,901.0,491.0,,11.152503573391973,17.375352369380316,9.9704213091922,10.993853199668722,11.060938219895288,13.65872224640836,,0.0,0.0,11.0,0.0,0.0,8.0,0.0,1.0,19.0,0.0,1.0,58.0,0.0,0.0,2.0,0.0,0.0,0.0,1.0,0.0,13.0,0.0,0.0,4.0,0.0,4.0,37.0,135.0,1.0,6.0,152.0,,301.0,1076.0,20.0,4.0,2.0,26.0,12.0,9.0,21.0,105.0,32.0,18.0,47.0,5.0,,1.0
28117,Madrid,Madrid,Madrid (Comunidad de),3334730.0,1553899.0,1780831.0,,953955.0,746647.0,1700602.0,,44614.0,222713.0,1497536.0,122516.0,87166.0,2012707.0,41320.0,109436.0,42711.0,42634.0,16548.0,7758.0,4995.0,176474.0,146044.0,84282.0,52091.0,1259240.0,890466.0,469582.0,242977.0,85325.0,60134.0,33084.0,17417.0,69129.0,39696.0,14641.0,8205.0,,10.885458740187516,15.05351433128489,8.925239808697032,10.862328595025572,10.826091297978317,13.31246495681986,,1.0,38.0,654.0,1.0,7.0,365.0,16.0,163.0,2508.0,3.0,50.0,2846.0,1.0,5.0,193.0,0.0,1.0,32.0,0.0,2.0,197.0,1.0,7.0,186.0,21.0,126.0,802.0,6806.0,44.0,399.0,7783.0,,31369.0,104618.0,9948.0,1759.0,486.0,676.0,389.0,,710.0,,10378.0,4736.0,920.0,1367.0,,0.0
28129,Móstoles,Madrid,Madrid (Comunidad de),210309.0,102307.0,108002.0,,66359.0,46637.0,112996.0,,2231.0,7614.0,104144.0,6187.0,5256.0,127220.0,1463.0,5749.0,2501.0,2136.0,475.0,91.0,38.0,5974.0,4671.0,2164.0,1280.0,90862.0,62496.0,32249.0,16388.0,4452.0,2866.0,1509.0,741.0,4418.0,2134.0,618.0,317.0,,11.405300593414832,17.670524344569287,10.34412286575159,11.12496004930554,11.716314016172507,14.580464010864645,,1.0,2.0,21.0,0.0,0.0,14.0,0.0,2.0,32.0,0.0,0.0,80.0,0.0,0.0,4.0,0.0,0.0,0.0,0.0,1.0,15.0,0.0,0.0,7.0,0.0,2.0,65.0,220.0,1.0,7.0,238.0,,789.0,3151.0,4.0,1.0,,74.0,55.0,111.0,59.0,253.0,112.0,49.0,55.0,16.0,,0.0
28141,Parla,Madrid,Madrid (Comunidad de),133482.0,66524.0,66958.0,,37838.0,25329.0,63167.0,,1170.0,3244.0,55060.0,3189.0,3175.0,66997.0,678.0,4347.0,1592.0,1131.0,300.0,68.0,39.0,2805.0,2215.0,996.0,600.0,50668.0,33888.0,17020.0,8583.0,2528.0,1689.0,859.0,397.0,2877.0,1460.0,423.0,187.0,,11.627327862945492,17.168629531388152,10.293383244206774,11.410111312860188,11.464893196202532,14.349266597149809,,0.0,0.0,7.0,0.0,0.0,5.0,0.0,1.0,17.0,0.0,1.0,66.0,0.0,0.0,3.0,0.0,0.0,0.0,0.0,0.0,1.0,0.0,0.0,1.0,2.0,2.0,43.0,126.0,2.0,4.0,143.0,,299.0,1117.0,,,,28.0,23.0,1.0,28.0,113.0,28.0,16.0,47.0,15.0,,0.0
28182,Torrejón de Ardoz,Madrid,Madrid (Comunidad de),132853.0,65343.0,67510.0,,40492.0,30744.0,71236.0,,1260.0,5107.0,69621.0,4948.0,3728.0,86439.0,932.0,4398.0,1937.0,1197.0,373.0,123.0,78.0,4137.0,3308.0,1612.0,897.0,57967.0,39801.0,20796.0,10498.0,3836.0,2675.0,1256.0,556.0,3155.0,1733.0,546.0,237.0,,11.282835910210556,16.489498746867167,10.004350978970269,11.101286766608588,11.451204379562045,13.819898573692551,,0.0,1.0,9.0,0.0,0.0,12.0,0.0,0.0,28.0,0.0,0.0,48.0,0.0,0.0,0.0,0.0,0.0,1.0,0.0,0.0,1.0,0.0,0.0,6.0,0.0,2.0,34.0,121.0,0.0,3.0,139.0,,71.0,270.0,,,,4.0,4.0,,3.0,29.0,10.0,2.0,13.0,6.0,,0.0
29903,Málaga,Málaga,Andalucía,578460.0,277789.0,300671.0,,186034.0,143158.0,329192.0,,31508.0,64676.0,272083.0,22151.0,21737.0,420160.0,13135.0,33467.0,12747.0,31375.0,8999.0,2868.0,1613.0,52805.0,43108.0,22326.0,12849.0,238203.0,161418.0,84559.0,44795.0,16640.0,10979.0,5708.0,2849.0,18278.0,8886.0,3209.0,1713.0,,11.581566253470028,16.4114377689243,9.590725688855223,11.153886558943423,11.584143028846153,14.331336032388664,,0.0,0.0,128.0,0.0,7.0,223.0,7.0,27.0,718.0,2.0,3.0,811.0,0.0,1.0,39.0,0.0,0.0,4.0,0.0,0.0,26.0,0.0,5.0,120.0,3.0,16.0,211.0,1810.0,12.0,59.0,2280.0,,969.0,3048.0,341.0,79.0,16.0,,,,52.0,,195.0,214.0,28.0,44.0,,0.0
30001,Marbella,Málaga,Andalucía,147633.0,70833.0,76800.0,,44302.0,36454.0,80756.0,,7654.0,15033.0,86216.0,10990.0,6699.0,128691.0,4191.0,16601.0,5764.0,7637.0,2476.0,762.0,351.0,13304.0,10921.0,6513.0,3768.0,76589.0,51215.0,28592.0,14834.0,9306.0,6285.0,3408.0,1718.0,6060.0,3143.0,1217.0,587.0,,11.445909380259337,15.946477674479508,8.953282471437161,11.206769379414798,11.219038254889318,13.883354785478549,,0.0,0.0,18.0,0.0,1.0,24.0,0.0,3.0,88.0,0.0,1.0,188.0,0.0,0.0,12.0,0.0,0.0,0.0,0.0,0.0,6.0,0.0,0.0,5.0,2.0,2.0,46.0,304.0,2.0,7.0,387.0,,574.0,1939.0,81.0,5.0,2.0,28.0,21.0,5.0,72.0,157.0,110.0,42.0,41.0,10.0,,1.0
31007,Cartagena,Murcia,Murcia (Región de),216108.0,107478.0,108630.0,,72543.0,54432.0,126975.0,,8484.0,14765.0,114235.0,8069.0,9241.0,159993.0,2808.0,9001.0,4362.0,8269.0,1986.0,542.0,269.0,10735.0,7871.0,3821.0,2138.0,102623.0,65642.0,32976.0,17576.0,6101.0,3871.0,1613.0,784.0,8076.0,4016.0,1406.0,746.0,,12.21999400154246,17.25061555206192,10.846204937121565,11.755541252935501,12.241924274709064,14.240591877166914,,0.0,1.0,10.0,0.0,1.0,13.0,0.0,3.0,15.0,0.0,2.0,128.0,0.0,0.0,4.0,0.0,0.0,0.0,0.0,0.0,2.0,0.0,0.0,9.0,2.0,4.0,21.0,142.0,2.0,11.0,202.0,,907.0,3206.0,117.0,23.0,7.0,62.0,67.0,,149.0,,69.0,301.0,55.0,57.0,,0.0
31021,Murcia,Murcia,Murcia (Región de),459403.0,224929.0,234474.0,,151289.0,123212.0,274501.0,,26464.0,43839.0,238932.0,18891.0,20933.0,358228.0,8668.0,20163.0,8895.0,25957.0,6267.0,1499.0,825.0,33118.0,25305.0,12040.0,6180.0,214100.0,141813.0,74957.0,39779.0,14476.0,9414.0,5165.0,2757.0,17972.0,9164.0,3314.0,1610.0,,11.958744687848224,17.20510498131525,10.602490488556072,11.360688743577768,11.453414617297597,14.077528933897174,,0.0,15.0,123.0,0.0,15.0,127.0,5.0,36.0,298.0,0.0,9.0,652.0,0.0,2.0,48.0,0.0,0.0,6.0,0.0,0.0,6.0,0.0,4.0,36.0,1.0,9.0,92.0,1143.0,6.0,90.0,1388.0,,3587.0,12769.0,555.0,144.0,58.0,314.0,139.0,55.0,568.0,,867.0,593.0,200.0,94.0,,0.0
32092,Ourense,Ourense,Galicia,105643.0,47891.0,57752.0,,37191.0,31306.0,68497.0,,2221.0,5709.0,55332.0,4036.0,4234.0,73491.0,1009.0,2926.0,1454.0,2215.0,502.0,88.0,35.0,4036.0,3207.0,1385.0,767.0,45203.0,28332.0,14009.0,7349.0,2440.0,1644.0,883.0,444.0,3245.0,1443.0,365.0,182.0,,12.339202715611354,17.88339051918736,10.485678889990089,12.070404176713934,11.36469262295082,15.307171032357473,,0.0,2.0,1.0,1.0,0.0,5.0,0.0,7.0,12.0,0.0,2.0,49.0,0.0,0.0,5.0,0.0,0.0,0.0,0.0,0.0,1.0,0.0,0.0,1.0,1.0,11.0,26.0,97.0,2.0,22.0,100.0,,570.0,2569.0,,3.0,1.0,85.0,58.0,123.0,61.0,57.0,112.0,9.0,35.0,26.0,,0.0
33063,Gijón,Asturias,Asturias (Principado de),271717.0,127961.0,143756.0,,83601.0,67775.0,151376.0,,5384.0,19081.0,123059.0,7964.0,7403.0,167896.0,3254.0,9962.0,3600.0,5342.0,1713.0,507.0,275.0,15287.0,12336.0,5722.0,3155.0,108837.0,70950.0,34544.0,17952.0,5987.0,4112.0,2191.0,1152.0,6059.0,2904.0,938.0,476.0,,11.847372571357981,16.63881130662673,10.086105841564729,11.754437369644513,11.135261399699349,14.626321175111405,,0.0,2.0,44.0,0.0,3.0,25.0,0.0,6.0,81.0,0.0,4.0,167.0,0.0,0.0,3.0,0.0,0.0,1.0,0.0,0.0,1.0,0.0,1.0,15.0,2.0,9.0,91.0,373.0,2.0,25.0,428.0,,2745.0,9555.0,589.0,84.0,23.0,117.0,65.0,,75.0,,1073.0,552.0,65.0,102.0,,0.0
34006,Oviedo,Asturias,Asturias (Principado de),219910.0,101749.0,118161.0,,72169.0,58182.0,130351.0,,2878.0,11282.0,101013.0,7880.0,5841.0,133254.0,2046.0,7454.0,3342.0,2807.0,798.0,208.0,131.0,8762.0,6948.0,3153.0,1725.0,90318.0,60385.0,29914.0,15584.0,6273.0,4372.0,2331.0,1191.0,4745.0,2485.0,955.0,514.0,,11.599166545117589,17.133416458852867,10.35796051129879,11.499982506255675,11.046446676231469,13.751110642781876,,0.0,1.0,17.0,0.0,1.0,4.0,0.0,0.0,47.0,0.0,0.0,78.0,0.0,0.0,4.0,0.0,0.0,4.0,0.0,0.0,1.0,0.0,0.0,2.0,1.0,2.0,27.0,150.0,1.0,4.0,184.0,,5084.0,18589.0,849.0,210.0,62.0,109.0,50.0,,27.0,248.0,3420.0,36.0,54.0,19.0,,0.0
34171,Palencia,Palencia,Castilla y León,78144.0,36875.0,41269.0,,26630.0,20476.0,47106.0,,1355.0,3907.0,38398.0,3081.0,2628.0,51281.0,774.0,1648.0,1085.0,1353.0,273.0,57.0,24.0,3080.0,2415.0,989.0,495.0,34089.0,20075.0,9250.0,4646.0,2460.0,1553.0,753.0,352.0,2278.0,1079.0,342.0,178.0,,12.790814269788182,18.063762010347375,10.768178571428571,12.682819091202441,12.133760162601625,14.723985952589992,,0.0,0.0,3.0,1.0,0.0,0.0,0.0,0.0,3.0,0.0,0.0,14.0,0.0,0.0,0.0,0.0,0.0,0.0,0.0,0.0,0.0,0.0,0.0,1.0,2.0,2.0,9.0,26.0,3.0,2.0,30.0,,3670.0,14344.0,14.0,4.0,2.0,75.0,36.0,,311.0,,2940.0,181.0,53.0,54.0,,0.0
36025,"Palmas de Gran Canaria, Las",Palmas (Las),Canarias,381223.0,183905.0,197318.0,,112778.0,86579.0,199357.0,,10527.0,27811.0,181497.0,19353.0,28028.0,275061.0,4543.0,10779.0,6251.0,10007.0,3500.0,1075.0,596.0,22950.0,18811.0,10149.0,6289.0,153049.0,107570.0,61220.0,34394.0,13821.0,9633.0,6253.0,3970.0,24379.0,14114.0,7714.0,4794.0,,11.060954573945747,16.574962526231637,9.38363660130719,10.689742696783384,10.432847116706462,12.442060379835103,,0.0,3.0,37.0,0.0,3.0,87.0,0.0,14.0,241.0,0.0,1.0,371.0,0.0,0.0,48.0,0.0,0.0,10.0,0.0,0.0,62.0,0.0,0.0,30.0,2.0,13.0,104.0,780.0,2.0,34.0,990.0,,4578.0,13427.0,2180.0,468.0,107.0,84.0,61.0,,141.0,,317.0,914.0,209.0,97.0,,0.0
37022,Pontevedra,Pontevedra,Galicia,83260.0,39344.0,43916.0,,27821.0,25568.0,53389.0,,2071.0,5627.0,42980.0,3052.0,3427.0,59044.0,941.0,2271.0,1337.0,2063.0,480.0,116.0,66.0,4363.0,3335.0,1258.0,701.0,37481.0,23218.0,11052.0,5520.0,2138.0,1482.0,860.0,376.0,2823.0,1305.0,388.0,203.0,,12.498996542542622,17.616199709161414,11.16102452440981,12.256300792401483,10.992076707202994,15.020453418349273,,0.0,0.0,9.0,0.0,1.0,6.0,0.0,1.0,18.0,0.0,1.0,37.0,0.0,0.0,1.0,0.0,0.0,0.0,0.0,0.0,0.0,0.0,0.0,6.0,0.0,1.0,17.0,81.0,0.0,4.0,94.0,,437.0,1752.0,,,,67.0,24.0,83.0,38.0,168.0,12.0,16.0,23.0,6.0,,0.0
37041,Vigo,Pontevedra,Galicia,296692.0,140164.0,156528.0,,95390.0,83441.0,178831.0,,11723.0,29128.0,151553.0,8756.0,9393.0,215138.0,5782.0,9573.0,3687.0,11688.0,2560.0,430.0,194.0,23481.0,17923.0,8212.0,4703.0,129320.0,84224.0,41992.0,21560.0,5868.0,4227.0,2468.0,1204.0,7588.0,3808.0,1271.0,666.0,,12.086770611768078,17.8465537303217,10.66459051999489,11.73480590782555,10.46916496250852,14.361830521876648,,0.0,1.0,14.0,0.0,0.0,30.0,2.0,12.0,157.0,1.0,3.0,228.0,0.0,0.0,11.0,0.0,0.0,1.0,0.0,0.0,5.0,0.0,1.0,12.0,2.0,8.0,83.0,431.0,5.0,25.0,541.0,,8775.0,22398.0,6467.0,837.0,190.0,166.0,100.0,18.0,92.0,376.0,346.0,24.0,105.0,54.0,,0.0
37324,Salamanca,Salamanca,Castilla y León,144825.0,65661.0,79164.0,,48996.0,38552.0,87548.0,,2016.0,6028.0,61460.0,4077.0,3949.0,79554.0,1137.0,3187.0,1750.0,1984.0,509.0,118.0,55.0,4760.0,3677.0,1557.0,840.0,53398.0,32586.0,14779.0,7475.0,3008.0,2049.0,993.0,472.0,3368.0,1563.0,400.0,207.0,,12.56520874284876,17.215584677419354,10.808371848739496,12.4312925577737,11.675987367021277,15.045397862232779,,0.0,1.0,3.0,0.0,1.0,0.0,0.0,2.0,5.0,0.0,0.0,8.0,0.0,0.0,3.0,0.0,0.0,1.0,0.0,0.0,1.0,0.0,0.0,0.0,2.0,1.0,10.0,30.0,2.0,5.0,31.0,,991.0,3384.0,294.0,46.0,14.0,56.0,33.0,33.0,59.0,167.0,166.0,14.0,65.0,44.0,,0.0
39018,San Cristóbal de La Laguna,Santa Cruz de Tenerife,Canarias,158911.0,76703.0,82208.0,,49270.0,41408.0,90678.0,,3678.0,10818.0,87104.0,10148.0,15561.0,129699.0,1877.0,6327.0,3722.0,3543.0,940.0,191.0,100.0,8256.0,6297.0,3230.0,2052.0,70345.0,44870.0,25671.0,14656.0,6165.0,3145.0,1392.0,713.0,13840.0,7857.0,4409.0,2618.0,,12.004521838726443,17.258224668360146,10.197881540697674,11.597341815338687,13.944035685320356,12.63490317919075,,0.0,6.0,26.0,0.0,0.0,11.0,1.0,11.0,49.0,0.0,3.0,212.0,0.0,0.0,27.0,0.0,0.0,5.0,0.0,0.0,2.0,0.0,0.0,14.0,0.0,6.0,60.0,331.0,1.0,26.0,406.0,,563.0,2019.0,,,,66.0,28.0,6.0,31.0,269.0,48.0,31.0,69.0,15.0,,0.0
39033,Santa Cruz de Tenerife,Santa Cruz de Tenerife,Canarias,209194.0,99840.0,109354.0,,63892.0,52985.0,116877.0,,5183.0,16535.0,118285.0,13353.0,17708.0,176209.0,3266.0,8430.0,4848.0,5035.0,1526.0,401.0,228.0,12813.0,10084.0,5421.0,3284.0,92315.0,60121.0,33720.0,17768.0,8376.0,5089.0,2748.0,1684.0,15594.0,9182.0,5076.0,3115.0,,11.708197831584455,16.668504468718968,9.829571528915945,11.497344201917349,12.19856494746896,12.348612286776966,,0.0,2.0,9.0,0.0,2.0,7.0,0.0,14.0,70.0,1.0,8.0,131.0,0.0,1.0,20.0,0.0,0.0,1.0,0.0,0.0,4.0,0.0,0.0,1.0,1.0,13.0,36.0,250.0,2.0,40.0,279.0,,6903.0,26312.0,425.0,99.0,20.0,32.0,30.0,17.0,58.0,491.0,5605.0,63.0,49.0,14.0,,0.0
40030,Santander,Cantabria,Cantabria,173375.0,79936.0,93439.0,,54509.0,44406.0,98915.0,,4449.0,14399.0,81584.0,5330.0,6172.0,117011.0,2465.0,5107.0,2423.0,4427.0,1292.0,435.0,257.0,11328.0,9072.0,4341.0,2393.0,73316.0,49575.0,25144.0,13267.0,3913.0,2743.0,1473.0,755.0,5276.0,2640.0,792.0,418.0,,11.454486277714542,16.801825163767788,10.094915254237288,11.314304653827268,10.952921032455917,14.440720242608036,,1.0,1.0,27.0,0.0,3.0,27.0,0.0,9.0,101.0,2.0,3.0,148.0,0.0,0.0,7.0,0.0,0.0,1.0,0.0,0.0,12.0,1.0,1.0,11.0,0.0,14.0,56.0,337.0,4.0,31.0,390.0,,1155.0,3907.0,100.0,123.0,28.0,,,,280.0,,194.0,305.0,117.0,8.0,,0.0
41015,Segovia,Segovia,Castilla y León,52057.0,24328.0,27729.0,,17755.0,14303.0,32058.0,,1032.0,2819.0,26664.0,2260.0,2361.0,36270.0,473.0,1387.0,916.0,1023.0,226.0,52.0,21.0,1962.0,1459.0,605.0,320.0,23183.0,14087.0,6664.0,3438.0,1674.0,1224.0,606.0,271.0,2001.0,1039.0,255.0,121.0,,12.529971067260492,17.945190615835777,11.228985728848114,12.3576724323858,10.954169653524492,14.453953023488255,,0.0,0.0,1.0,0.0,0.0,2.0,0.0,0.0,9.0,0.0,1.0,15.0,0.0,0.0,0.0,0.0,0.0,0.0,0.0,0.0,3.0,0.0,0.0,0.0,0.0,4.0,13.0,39.0,0.0,5.0,43.0,,659.0,1986.0,268.0,36.0,5.0,38.0,18.0,23.0,77.0,141.0,20.0,6.0,18.0,9.0,,0.0
41094,Dos Hermanas,Sevilla,Andalucía,135050.0,66330.0,68720.0,,44800.0,37450.0,82250.0,,5568.0,9973.0,70448.0,3161.0,5445.0,97507.0,2194.0,8881.0,3186.0,5544.0,1391.0,388.0,250.0,8150.0,6557.0,3005.0,1725.0,66160.0,46126.0,23468.0,12118.0,2474.0,1919.0,1163.0,515.0,4973.0,2638.0,823.0,391.0,,11.477292344007482,17.029709595959595,10.219096932515338,11.017362303506651,9.731628940986257,13.962425095515785,,0.0,2.0,8.0,0.0,0.0,9.0,0.0,1.0,33.0,0.0,2.0,53.0,0.0,0.0,3.0,0.0,0.0,0.0,0.0,0.0,0.0,0.0,1.0,6.0,1.0,3.0,16.0,115.0,1.0,9.0,128.0,,285.0,1076.0,,,,64.0,38.0,,74.0,80.0,12.0,,10.0,7.0,,0.0
42044,Sevilla,Sevilla,Andalucía,691395.0,328013.0,363382.0,,217327.0,170726.0,388053.0,,39589.0,62948.0,328680.0,20041.0,23595.0,485440.0,13588.0,38016.0,13083.0,39461.0,10595.0,2306.0,1117.0,49690.0,40315.0,18985.0,10248.0,288753.0,200742.0,100558.0,53816.0,13290.0,10809.0,6998.0,3780.0,19339.0,9942.0,3298.0,1668.0,,11.589636145608642,16.87268847723068,10.029739182934192,11.078483686749575,8.775846501128669,14.149945705569058,,0.0,7.0,174.0,0.0,5.0,194.0,3.0,58.0,722.0,0.0,10.0,989.0,1.0,3.0,50.0,0.0,1.0,5.0,0.0,0.0,30.0,0.0,4.0,80.0,2.0,23.0,205.0,1861.0,6.0,111.0,2449.0,,5901.0,19983.0,1718.0,514.0,170.0,264.0,231.0,,334.0,,1464.0,945.0,115.0,146.0,,0.0
43018,Soria,Soria,Castilla y León,39821.0,18788.0,21033.0,,14357.0,12059.0,26416.0,,803.0,2246.0,20648.0,2632.0,2057.0,29588.0,524.0,1048.0,872.0,797.0,161.0,26.0,12.0,1634.0,1182.0,490.0,291.0,18100.0,11062.0,5238.0,2716.0,2133.0,1373.0,749.0,400.0,1801.0,901.0,318.0,167.0,,12.580027860618427,17.905069008782935,11.407141982864138,12.3741,11.723258321612752,14.323014991671293,,0.0,0.0,0.0,0.0,0.0,1.0,0.0,1.0,2.0,0.0,0.0,6.0,0.0,0.0,0.0,0.0,0.0,0.0,0.0,0.0,0.0,0.0,0.0,0.0,0.0,6.0,3.0,16.0,0.0,7.0,12.0,,371.0,1424.0,3.0,,1.0,12.0,6.0,,35.0,,249.0,43.0,17.0,5.0,,0.0
44022,Tarragona,Tarragona,Cataluña,136496.0,66666.0,69830.0,,43279.0,32658.0,75937.0,,3837.0,13327.0,64082.0,5396.0,4817.0,94004.0,2585.0,5693.0,2482.0,3832.0,1096.0,274.0,138.0,10378.0,8011.0,4147.0,2327.0,57565.0,39356.0,21824.0,11960.0,4057.0,2662.0,1456.0,817.0,4134.0,2196.0,787.0,436.0,,11.31017260714808,17.002124217118997,10.075330506841395,10.919606879180057,11.335942814887849,13.820041122399614,,0.0,0.0,15.0,0.0,1.0,11.0,0.0,9.0,59.0,1.0,1.0,65.0,0.0,0.0,3.0,0.0,0.0,1.0,0.0,0.0,4.0,0.0,0.0,13.0,0.0,11.0,37.0,202.0,1.0,22.0,208.0,,1424.0,4427.0,583.0,120.0,23.0,61.0,31.0,24.0,99.0,204.0,156.0,18.0,74.0,31.0,,0.0
45014,Teruel,Teruel,Aragón,36240.0,17287.0,18953.0,,12998.0,10422.0,23420.0,,1497.0,2504.0,18946.0,2286.0,2223.0,28945.0,430.0,795.0,789.0,1496.0,307.0,82.0,41.0,1856.0,1314.0,562.0,292.0,17067.0,11099.0,5564.0,2931.0,1783.0,1033.0,498.0,254.0,1984.0,1012.0,300.0,150.0,,12.3048230504228,17.690561497326204,11.47832974137931,11.723304037030527,12.84388670779585,14.391602822580646,,0.0,0.0,0.0,0.0,0.0,0.0,0.0,0.0,0.0,0.0,0.0,2.0,0.0,0.0,0.0,0.0,0.0,0.0,0.0,0.0,0.0,0.0,0.0,0.0,1.0,0.0,0.0,2.0,1.0,0.0,2.0,,92.0,354.0,,,,10.0,5.0,,10.0,,11.0,30.0,18.0,8.0,,1.0
46023,Toledo,Toledo,Castilla-La Mancha,85811.0,40941.0,44870.0,,26328.0,22181.0,48509.0,,1428.0,5109.0,46242.0,3484.0,3035.0,60442.0,955.0,2681.0,1228.0,1415.0,350.0,90.0,40.0,3912.0,3065.0,1414.0,774.0,43071.0,29914.0,15340.0,7815.0,2800.0,1935.0,1069.0,538.0,2636.0,1396.0,433.0,215.0,,11.338338049252451,17.159017667844523,10.403172290388548,11.042498664995009,11.059746428571428,14.131881638846737,,0.0,0.0,3.0,0.0,0.0,3.0,1.0,0.0,13.0,0.0,0.0,25.0,0.0,0.0,0.0,0.0,0.0,0.0,0.0,0.0,0.0,0.0,0.0,2.0,0.0,1.0,5.0,44.0,1.0,1.0,51.0,,471.0,1903.0,24.0,4.0,1.0,71.0,52.0,,33.0,,48.0,118.0,64.0,56.0,,0.0
47045,Valencia,Valencia/València,Comunitat Valenciana,800215.0,380293.0,419922.0,,258405.0,194930.0,453335.0,,20818.0,66754.0,363140.0,24322.0,25507.0,513747.0,11867.0,28962.0,10850.0,20717.0,5776.0,1717.0,976.0,50021.0,39011.0,19645.0,10917.0,313649.0,216206.0,116118.0,62351.0,16626.0,11464.0,6713.0,3671.0,20322.0,10066.0,3347.0,1780.0,,11.328292367579591,16.635099676594102,10.196813138481838,10.960860037812969,10.803060267051606,14.362640980218483,,1.0,23.0,151.0,0.0,8.0,106.0,3.0,57.0,527.0,1.0,6.0,364.0,0.0,1.0,25.0,0.0,0.0,6.0,0.0,1.0,73.0,0.0,17.0,196.0,5.0,19.0,154.0,1474.0,10.0,132.0,1602.0,,10471.0,31566.0,5089.0,1222.0,296.0,349.0,232.0,,298.0,,1263.0,1370.0,116.0,236.0,,0.0
48018,Valladolid,Valladolid,Castilla y León,299265.0,140247.0,159018.0,,101350.0,73623.0,174973.0,,4888.0,15964.0,138947.0,7325.0,9318.0,182319.0,3039.0,7763.0,3834.0,4862.0,1188.0,310.0,160.0,12815.0,10013.0,4366.0,2398.0,126095.0,80990.0,39885.0,20077.0,5569.0,4016.0,2274.0,1136.0,7986.0,4084.0,1303.0,682.0,,12.006071915043114,17.59023241464418,10.57879047990636,11.859459375867402,10.527153887592027,14.263439769596795,,0.0,0.0,32.0,0.0,2.0,20.0,2.0,9.0,72.0,2.0,2.0,154.0,0.0,1.0,7.0,0.0,0.0,1.0,0.0,0.0,18.0,0.0,1.0,16.0,1.0,7.0,55.0,332.0,5.0,22.0,375.0,,4539.0,15350.0,1204.0,241.0,46.0,67.0,75.0,78.0,135.0,675.0,1840.0,66.0,72.0,40.0,,0.0
50065,Zamora,Zamora,Castilla y León,60988.0,28299.0,32689.0,,22578.0,17978.0,40556.0,,1655.0,3376.0,30533.0,2522.0,2507.0,41943.0,761.0,1703.0,1154.0,1379.0,360.0,89.0,50.0,2760.0,2110.0,823.0,439.0,27312.0,16062.0,7358.0,3625.0,2019.0,1270.0,603.0,275.0,2220.0,953.0,304.0,174.0,,12.89508340124966,17.55653372008702,11.128159420289855,12.710494654364382,12.217315502724121,14.990441441441442,,0.0,0.0,2.0,0.0,0.0,3.0,0.0,3.0,12.0,0.0,1.0,40.0,0.0,0.0,2.0,0.0,0.0,1.0,0.0,0.0,0.0,0.0,0.0,0.0,0.0,4.0,19.0,71.0,0.0,8.0,79.0,,491.0,1745.0,125.0,31.0,7.0,24.0,16.0,46.0,60.0,62.0,81.0,7.0,21.0,11.0,,0.0
50297,Salvatierra de Esca,Zaragoza,Aragón,207.0,96.0,111.0,,81.0,51.0,132.0,,5.0,7.0,132.0,47.0,24.0,238.0,3.0,9.0,10.0,5.0,1.0,0.0,0.0,3.0,2.0,1.0,0.0,108.0,55.0,25.0,10.0,25.0,7.0,1.0,0.0,18.0,9.0,4.0,1.0,,14.364101123595505,18.696,11.543333333333333,13.697222222222223,18.5312,13.988888888888889,,0.0,0.0,0.0,0.0,0.0,0.0,0.0,0.0,0.0,0.0,0.0,0.0,0.0,0.0,0.0,0.0,0.0,0.0,0.0,0.0,0.0,0.0,0.0,0.0,0.0,0.0,0.0,0.0,0.0,0.0,0.0,,,,,,,,,,,,,,,,,4.0
51001,Santa Cruz de Moncayo,Zaragoza,Aragón,123.0,67.0,56.0,,44.0,30.0,74.0,,14.0,18.0,93.0,8.0,15.0,154.0,6.0,4.0,5.0,14.0,1.0,0.0,0.0,15.0,8.0,3.0,2.0,84.0,48.0,22.0,13.0,6.0,1.0,0.0,0.0,15.0,8.0,2.0,0.0,,13.88427536231884,18.847857142857144,14.379333333333333,12.553333333333333,17.191666666666666,14.962,,0.0,0.0,0.0,0.0,0.0,0.0,0.0,0.0,0.0,0.0,0.0,0.0,0.0,0.0,0.0,0.0,0.0,0.0,0.0,0.0,0.0,0.0,0.0,0.0,0.0,0.0,0.0,0.0,0.0,0.0,0.0,,,,,,,,,,,,,,,,,5.0
52001,Santa Eulalia de Gállego,Zaragoza,Aragón,97.0,55.0,42.0,,37.0,16.0,53.0,,1.0,12.0,48.0,10.0,10.0,84.0,1.0,5.0,2.0,1.0,0.0,0.0,0.0,5.0,4.0,2.0,2.0,39.0,23.0,12.0,5.0,5.0,0.0,0.0,0.0,9.0,5.0,2.0,1.0,,13.525333333333334,16.16,8.264,13.453333333333333,19.84,12.802222222222222,,0.0,0.0,0.0,0.0,0.0,0.0,0.0,0.0,0.0,0.0,0.0,0.0,0.0,0.0,0.0,0.0,0.0,0.0,0.0,0.0,0.0,0.0,0.0,0.0,0.0,0.0,0.0,0.0,0.0,0.0,0.0,,,,,,,,,,,,,,,,,3.0
50297,Zaragoza,Zaragoza,Aragón,681877.0,326103.0,355774.0,,217389.0,148265.0,365654.0,,14493.0,40060.0,270275.0,21676.0,17842.0,376213.0,6206.0,12823.0,7837.0,14415.0,4679.0,1181.0,611.0,33679.0,26873.0,13355.0,7382.0,247468.0,166662.0,87847.0,45840.0,17354.0,11639.0,6135.0,3230.0,15580.0,8219.0,2722.0,1359.0,,11.489587425862124,16.428477974332292,9.99237210130942,11.243402056023404,11.355145787714648,14.063118741976893,,0.0,13.0,62.0,0.0,4.0,35.0,3.0,24.0,147.0,0.0,3.0,246.0,0.0,1.0,22.0,0.0,1.0,4.0,0.0,3.0,47.0,0.0,9.0,53.0,5.0,28.0,125.0,672.0,8.0,86.0,741.0,,14708.0,39572.0,9660.0,1696.0,383.0,346.0,146.0,,189.0,,908.0,1059.0,196.0,125.0,,
51001,Ceuta,Ceuta,Ceuta,84202.0,42542.0,41660.0,,25274.0,16376.0,41650.0,,3420.0,13631.0,42028.0,5101.0,2363.0,67589.0,3269.0,7071.0,2528.0,3401.0,1518.0,506.0,232.0,11600.0,9281.0,5171.0,2994.0,34304.0,20740.0,9630.0,4778.0,4338.0,2058.0,603.0,282.0,2076.0,947.0,265.0,92.0,,12.353114658567165,14.729214936783299,9.652125862068965,12.506379722481343,14.833653757491932,15.296088631984587,,0.0,0.0,5.0,0.0,0.0,16.0,0.0,5.0,74.0,0.0,0.0,105.0,0.0,0.0,1.0,0.0,1.0,1.0,0.0,0.0,0.0,0.0,0.0,1.0,1.0,1.0,28.0,165.0,1.0,7.0,231.0,,749.0,2545.0,13.0,1.0,,5.0,10.0,,118.0,378.0,34.0,51.0,88.0,51.0,,
52001,Melilla,Melilla,Melilla,87076.0,44162.0,42914.0,,26521.0,18053.0,44574.0,,3134.0,7766.0,47134.0,8962.0,3911.0,72353.0,2213.0,10119.0,4902.0,3125.0,1086.0,327.0,159.0,6298.0,4858.0,2873.0,1806.0,37762.0,21518.0,10628.0,6061.0,7490.0,3173.0,782.0,450.0,3266.0,975.0,216.0,127.0,,13.322147545153905,15.9048992,9.635690695458877,12.910763201101636,15.492355140186916,17.206589099816288,,0.0,1.0,16.0,0.0,1.0,28.0,0.0,5.0,62.0,0.0,0.0,119.0,0.0,0.0,10.0,0.0,0.0,1.0,0.0,0.0,0.0,0.0,2.0,8.0,1.0,7.0,66.0,242.0,1.0,16.0,310.0,,1543.0,5010.0,139.0,17.0,5.0,18.0,3.0,,221.0,,66.0,843.0,149.0,82.0,,
